USE rede_social_db;
-- Arquivo: 02_insercao_dados.sql


-- 1. Inserindo Usuários (Users)
INSERT INTO `users` (`id`, `username`, `email`, `password_hash`, `birth_date`, `profile_picture_url`, `createdAt`, `updatedAt`) VALUES
(1, 'ana_dev', 'ana.dev@example.com', 'hash_exemplo', '1995-05-20', 'http://example.com/pic/ana.jpg', NOW(), NOW()),
(2, 'bruno_chef', 'bruno.chef@example.com', 'hash_exemplo', '1990-03-15', 'http://example.com/pic/bruno.jpg', NOW(), NOW()),
(3, 'carla_viajante', 'carla.viajante@example.com', 'hash_exemplo', '1998-11-30', 'http://example.com/pic/carla.jpg', NOW(), NOW()),
(4, 'davi_musico', 'davi.musico@example.com', 'hash_exemplo', '1992-09-01', 'http://example.com/pic/davi.jpg', NOW(), NOW()),
(5, 'elisa_gamer', 'elisa.gamer@example.com', 'hash_exemplo', '2002-07-25', 'http://example.com/pic/elisa.jpg', NOW(), NOW()),
(6, 'felipe_arte', 'felipe.arte@example.com', 'hash_exemplo', '1997-01-12', 'http://example.com/pic/felipe.jpg', NOW(), NOW()),
(7, 'gabriela_sports', 'gabriela.sports@example.com', 'hash_exemplo', '1999-08-19', 'http://example.com/pic/gabriela.jpg', NOW(), NOW()),
(8, 'heitor_leitor', 'heitor.leitor@example.com', 'hash_exemplo', '1985-04-05', 'http://example.com/pic/heitor.jpg', NOW(), NOW()),
(9, 'isabela_ciencia', 'isabela.ciencia@example.com', 'hash_exemplo', '1993-02-28', 'http://example.com/pic/isabela.jpg', NOW(), NOW()),
(10, 'joao_fitness', 'joao.fitness@example.com', 'hash_exemplo', '1991-06-10', 'http://example.com/pic/joao.jpg', NOW(), NOW()),
(11, 'usuario_11', 'user11@example.com', 'hash_exemplo', '1990-01-01', 'http://example.com/pic/user11.jpg', NOW(), NOW()),
(12, 'usuario_12', 'user12@example.com', 'hash_exemplo', '1991-02-11', 'http://example.com/pic/user12.jpg', NOW(), NOW()),
(13, 'usuario_13', 'user13@example.com', 'hash_exemplo', '1992-03-12', 'http://example.com/pic/user13.jpg', NOW(), NOW()),
(14, 'usuario_14', 'user14@example.com', 'hash_exemplo', '1993-04-13', 'http://example.com/pic/user14.jpg', NOW(), NOW()),
(15, 'usuario_15', 'user15@example.com', 'hash_exemplo', '1994-05-14', 'http://example.com/pic/user15.jpg', NOW(), NOW()),
(16, 'usuario_16', 'user16@example.com', 'hash_exemplo', '1995-06-15', 'http://example.com/pic/user16.jpg', NOW(), NOW()),
(17, 'usuario_17', 'user17@example.com', 'hash_exemplo', '1996-07-16', 'http://example.com/pic/user17.jpg', NOW(), NOW()),
(18, 'usuario_18', 'user18@example.com', 'hash_exemplo', '1997-08-17', 'http://example.com/pic/user18.jpg', NOW(), NOW()),
(19, 'usuario_19', 'user19@example.com', 'hash_exemplo', '1998-09-18', 'http://example.com/pic/user19.jpg', NOW(), NOW()),
(20, 'usuario_20', 'user20@example.com', 'hash_exemplo', '1999-10-19', 'http://example.com/pic/user20.jpg', NOW(), NOW()),
(21, 'usuario_21', 'user21@example.com', 'hash_exemplo', '2000-11-20', 'http://example.com/pic/user21.jpg', NOW(), NOW()),
(22, 'usuario_22', 'user22@example.com', 'hash_exemplo', '1989-12-21', 'http://example.com/pic/user22.jpg', NOW(), NOW()),
(23, 'usuario_23', 'user23@example.com', 'hash_exemplo', '1988-01-22', 'http://example.com/pic/user23.jpg', NOW(), NOW()),
(24, 'usuario_24', 'user24@example.com', 'hash_exemplo', '1987-02-23', 'http://example.com/pic/user24.jpg', NOW(), NOW()),
(25, 'usuario_25', 'user25@example.com', 'hash_exemplo', '1986-03-24', 'http://example.com/pic/user25.jpg', NOW(), NOW()),
(26, 'usuario_26', 'user26@example.com', 'hash_exemplo', '1990-04-25', 'http://example.com/pic/user26.jpg', NOW(), NOW()),
(27, 'usuario_27', 'user27@example.com', 'hash_exemplo', '1991-05-26', 'http://example.com/pic/user27.jpg', NOW(), NOW()),
(28, 'usuario_28', 'user28@example.com', 'hash_exemplo', '1992-06-27', 'http://example.com/pic/user28.jpg', NOW(), NOW()),
(29, 'usuario_29', 'user29@example.com', 'hash_exemplo', '1993-07-28', 'http://example.com/pic/user29.jpg', NOW(), NOW()),
(30, 'usuario_30', 'user30@example.com', 'hash_exemplo', '1994-08-29', 'http://example.com/pic/user30.jpg', NOW(), NOW()),
(31, 'usuario_31', 'user31@example.com', 'hash_exemplo', '1995-09-01', 'http://example.com/pic/user31.jpg', NOW(), NOW()),
(32, 'usuario_32', 'user32@example.com', 'hash_exemplo', '1996-10-02', 'http://example.com/pic/user32.jpg', NOW(), NOW()),
(33, 'usuario_33', 'user33@example.com', 'hash_exemplo', '1997-11-03', 'http://example.com/pic/user33.jpg', NOW(), NOW()),
(34, 'usuario_34', 'user34@example.com', 'hash_exemplo', '1998-12-04', 'http://example.com/pic/user34.jpg', NOW(), NOW()),
(35, 'usuario_35', 'user35@example.com', 'hash_exemplo', '1999-01-05', 'http://example.com/pic/user35.jpg', NOW(), NOW()),
(36, 'usuario_36', 'user36@example.com', 'hash_exemplo', '2000-02-06', 'http://example.com/pic/user36.jpg', NOW(), NOW()),
(37, 'usuario_37', 'user37@example.com', 'hash_exemplo', '2001-03-07', 'http://example.com/pic/user37.jpg', NOW(), NOW()),
(38, 'usuario_38', 'user38@example.com', 'hash_exemplo', '1988-04-08', 'http://example.com/pic/user38.jpg', NOW(), NOW()),
(39, 'usuario_39', 'user39@example.com', 'hash_exemplo', '1987-05-09', 'http://example.com/pic/user39.jpg', NOW(), NOW()),
(40, 'usuario_40', 'user40@example.com', 'hash_exemplo', '1986-06-10', 'http://example.com/pic/user40.jpg', NOW(), NOW()),
(41, 'usuario_41', 'user41@example.com', 'hash_exemplo', '1990-07-11', 'http://example.com/pic/user41.jpg', NOW(), NOW()),
(42, 'usuario_42', 'user42@example.com', 'hash_exemplo', '1991-08-12', 'http://example.com/pic/user42.jpg', NOW(), NOW()),
(43, 'usuario_43', 'user43@example.com', 'hash_exemplo', '1992-09-13', 'http://example.com/pic/user43.jpg', NOW(), NOW()),
(44, 'usuario_44', 'user44@example.com', 'hash_exemplo', '1993-10-14', 'http://example.com/pic/user44.jpg', NOW(), NOW()),
(45, 'usuario_45', 'user45@example.com', 'hash_exemplo', '1994-11-15', 'http://example.com/pic/user45.jpg', NOW(), NOW()),
(46, 'usuario_46', 'user46@example.com', 'hash_exemplo', '1995-12-16', 'http://example.com/pic/user46.jpg', NOW(), NOW()),
(47, 'usuario_47', 'user47@example.com', 'hash_exemplo', '1996-01-17', 'http://example.com/pic/user47.jpg', NOW(), NOW()),
(48, 'usuario_48', 'user48@example.com', 'hash_exemplo', '1997-02-18', 'http://example.com/pic/user48.jpg', NOW(), NOW()),
(49, 'usuario_49', 'user49@example.com', 'hash_exemplo', '1998-03-19', 'http://example.com/pic/user49.jpg', NOW(), NOW()),
(50, 'usuario_50', 'user50@example.com', 'hash_exemplo', '1999-04-20', 'http://example.com/pic/user50.jpg', NOW(), NOW());

-- 2. Inserindo Tags
INSERT INTO `tags` (`id`, `name`, `createdAt`, `updatedAt`) VALUES
(1, 'tecnologia', NOW(), NOW()),
(2, 'culinaria', NOW(), NOW()),
(3, 'viagens', NOW(), NOW()),
(4, 'musica', NOW(), NOW()),
(5, 'games', NOW(), NOW()),
(6, 'arte', NOW(), NOW()),
(7, 'esportes', NOW(), NOW()),
(8, 'livros', NOW(), NOW()),
(9, 'ciencia', NOW(), NOW()),
(10, 'fitness', NOW(), NOW()),
(11, 'cinema', NOW(), NOW()),
(12, 'fotografia', NOW(), NOW()),
(13, 'natureza', NOW(), NOW()),
(14, 'educacao', NOW(), NOW()),
(15, 'financas', NOW(), NOW());

-- 3. Inserindo 50 Posts
INSERT INTO `posts` (`id`, `content_type`, `content`, `media_url`, `userId`, `createdAt`, `updatedAt`) VALUES
(1, 'text', 'Explorando novos frameworks de JavaScript. Alguma sugestão?', NULL, 1, NOW(), NOW()),
(2, 'image', 'O prato de hoje: moqueca capixaba!', 'http://example.com/img/moqueca.jpg', 2, NOW(), NOW()),
(3, 'text', 'Planejando a próxima viagem! Destino: Japão!', NULL, 3, NOW(), NOW()),
(4, 'video', 'Testando meu novo teclado musical.', 'http://example.com/vid/teclado.mp4', 4, NOW(), NOW()),
(5, 'image', 'Noite de gameplay com os amigos.', 'http://example.com/img/gameplay.jpg', 5, NOW(), NOW()),
(6, 'text', 'Visitando a exposição de arte moderna. Incrível!', NULL, 6, NOW(), NOW()),
(7, 'text', 'Resultado do jogo de hoje foi emocionante!', NULL, 7, NOW(), NOW()),
(8, 'text', 'Terminei de ler "Cem Anos de Solidão". Que obra-prima.', NULL, 8, NOW(), NOW()),
(9, 'image', 'Observando as estrelas com meu novo telescópio.', 'http://example.com/img/telescopio.jpg', 9, NOW(), NOW()),
(10, 'text', 'Meta de hoje: 10km de corrida!', NULL, 10, NOW(), NOW()),
(11, 'text', 'Qual o melhor filme de ficção científica na opinião de vocês?', NULL, 11, NOW(), NOW()),
(12, 'image', 'A beleza do pôr do sol na praia.', 'http://example.com/img/pordosol.jpg', 12, NOW(), NOW()),
(13, 'text', 'Trilha incrível que fiz no fim de semana.', NULL, 13, NOW(), NOW()),
(14, 'text', 'Dicas de cursos online para aprender a programar?', NULL, 14, NOW(), NOW()),
(15, 'text', 'Aprendendo sobre investimentos. O primeiro passo é o mais difícil.', NULL, 15, NOW(), NOW()),
(16, 'text', 'Debuggar código é uma arte.', NULL, 1, NOW(), NOW()),
(17, 'text', 'A melhor parte de cozinhar é ver a reação das pessoas.', NULL, 2, NOW(), NOW()),
(18, 'image', 'Lembranças da minha viagem para a Itália.', 'http://example.com/img/italia.jpg', 3, NOW(), NOW()),
(19, 'text', 'Compondo uma nova música. O processo criativo é mágico.', NULL, 4, NOW(), NOW()),
(20, 'text', 'Qual foi o jogo que mais marcou a infância de vocês?', NULL, 5, NOW(), NOW()),
(21, 'text', 'A arte nos permite enxergar o mundo de outra forma.', NULL, 6, NOW(), NOW()),
(22, 'image', 'Dia de treino pesado na academia.', 'http://example.com/img/treino.jpg', 7, NOW(), NOW()),
(23, 'text', 'Recomendações de livros, por favor!', NULL, 8, NOW(), NOW()),
(24, 'text', 'A vastidão do universo é algo que me fascina.', NULL, 9, NOW(), NOW()),
(25, 'text', 'Manter a disciplina nos treinos é o segredo.', NULL, 10, NOW(), NOW()),
(26, 'text', 'Assistindo novamente a trilogia O Senhor dos Anéis.', NULL, 26, NOW(), NOW()),
(27, 'image', 'Fotografando pássaros no parque da cidade.', 'http://example.com/img/passaros.jpg', 27, NOW(), NOW()),
(28, 'text', 'A importância de cuidar da nossa natureza.', NULL, 28, NOW(), NOW()),
(29, 'text', 'A educação transforma vidas.', NULL, 29, NOW(), NOW()),
(30, 'text', 'Como organizar as finanças pessoais? Buscando dicas.', NULL, 30, NOW(), NOW()),
(31, 'text', 'Python ou JavaScript para iniciantes?', NULL, 1, NOW(), NOW()),
(32, 'text', 'Buscando uma receita de bolo de chocolate perfeito.', NULL, 2, NOW(), NOW()),
(33, 'text', 'Meu roteiro de viagem dos sonhos.', NULL, 3, NOW(), NOW()),
(34, 'text', 'Cover novo no canal em breve!', NULL, 4, NOW(), NOW()),
(35, 'text', 'Procurando um novo RPG para jogar.', NULL, 5, NOW(), NOW()),
(36, 'text', 'Aquarela é a minha técnica de pintura favorita.', NULL, 6, NOW(), NOW()),
(37, 'text', 'Qual o seu esporte favorito?', NULL, 7, NOW(), NOW()),
(38, 'text', 'Lendo poesias de Fernando Pessoa.', NULL, 8, NOW(), NOW()),
(39, 'text', 'O que sabemos sobre matéria escura?', NULL, 9, NOW(), NOW()),
(40, 'text', 'Yoga pela manhã para começar bem o dia.', NULL, 10, NOW(), NOW()),
(41, 'text', 'O final daquele filme me surpreendeu muito!', NULL, 41, NOW(), NOW()),
(42, 'image', 'Capturando a luz da cidade à noite.', 'http://example.com/img/cidade_noite.jpg', 42, NOW(), NOW()),
(43, 'text', 'Caminhar ao ar livre renova as energias.', NULL, 43, NOW(), NOW()),
(44, 'text', 'O poder do aprendizado contínuo.', NULL, 44, NOW(), NOW()),
(45, 'text', 'Investir em conhecimento rende sempre os melhores juros.', NULL, 45, NOW(), NOW()),
(46, 'text', 'Refatorando um código antigo. Que satisfação!', NULL, 1, NOW(), NOW()),
(47, 'image', 'Sobremesa do dia: crème brûlée.', 'http://example.com/img/cremebrulee.jpg', 2, NOW(), NOW()),
(48, 'text', 'Contando os dias para a próxima aventura!', NULL, 3, NOW(), NOW()),
(49, 'text', 'O silêncio também é música.', NULL, 4, NOW(), NOW()),
(50, 'text', 'Review do novo lançamento de games saindo!', NULL, 5, NOW(), NOW());

-- 4. Inserindo 50 Comentários (Comments)
INSERT INTO `comments` (`content`, `postId`, `userId`, `createdAt`, `updatedAt`) VALUES
('Ótima pergunta! Estou de olho no Svelte.', 1, 14, NOW(), NOW()),
('Que aparência maravilhosa! Manda a receita!', 2, 17, NOW(), NOW()),
('Japão é incrível! Recomendo visitar Kyoto.', 3, 18, NOW(), NOW()),
('Som muito bom!', 4, 19, NOW(), NOW()),
('Qual jogo?', 5, 20, NOW(), NOW()),
('Também amo esse livro!', 8, 23, NOW(), NOW()),
('Parabéns pela dedicação!', 10, 7, NOW(), NOW()),
('Blade Runner 2049 é o meu favorito.', 11, 26, NOW(), NOW()),
('Foto espetacular!', 12, 27, NOW(), NOW()),
('FreeCodeCamp é uma ótima plataforma.', 14, 1, NOW(), NOW()),
('Comece com um orçamento mensal. Ajuda muito.', 15, 30, NOW(), NOW()),
('Concordo! Arte é fundamental.', 21, 6, NOW(), NOW()),
('Futebol, sem dúvidas!', 37, 7, NOW(), NOW()),
('Adoro Fernando Pessoa.', 38, 8, NOW(), NOW()),
('É um dos maiores mistérios da física!', 39, 9, NOW(), NOW()),
('Python é mais direto para iniciantes, na minha opinião.', 31, 14, NOW(), NOW()),
('Que delícia!', 47, 2, NOW(), NOW()),
('Aonde vai ser?', 48, 3, NOW(), NOW()),
('Com certeza!', 49, 4, NOW(), NOW()),
('Esperando ansiosamente!', 50, 5, NOW(), NOW()),
('Post muito útil!', 1, 31, NOW(), NOW()),
('Eu amo moqueca!', 2, 2, NOW(), NOW()),
('Tenho muita vontade de conhecer.', 3, 33, NOW(), NOW()),
('Talento puro!', 4, 34, NOW(), NOW()),
('The Witcher 3 marcou a minha.', 20, 35, NOW(), NOW()),
('Exato! E que trilha sonora.', 26, 41, NOW(), NOW()),
('Linda foto!', 27, 42, NOW(), NOW()),
('Totalmente de acordo.', 28, 43, NOW(), NOW()),
('A base de tudo.', 29, 44, NOW(), NOW()),
('É um ótimo tópico.', 30, 45, NOW(), NOW()),
('Também prefiro Python.', 31, 1, NOW(), NOW()),
('Depois passa a receita pra gente!', 32, 2, NOW(), NOW()),
('O meu é a Patagônia.', 33, 3, NOW(), NOW()),
('Já me inscrevi no canal!', 34, 4, NOW(), NOW()),
('Baldur\'s Gate 3 é fantástico se você curte RPG.', 35, 5, NOW(), NOW()),
('Eu também!', 36, 6, NOW(), NOW()),
('Basquete!', 37, 7, NOW(), NOW()),
('"O Guardador de Rebanhos" é meu favorito.', 38, 8, NOW(), NOW()),
('Um tema complexo e fascinante.', 39, 9, NOW(), NOW()),
('Faz toda a diferença no dia.', 40, 10, NOW(), NOW()),
('Sem spoilers, por favor!', 41, 11, NOW(), NOW()),
('Uau, que fotão!', 42, 12, NOW(), NOW()),
('Verdade!', 43, 13, NOW(), NOW()),
('Sempre!', 44, 14, NOW(), NOW()),
('Benjamin Franklin!', 45, 15, NOW(), NOW()),
('É a melhor sensação!', 46, 16, NOW(), NOW()),
('Minha sobremesa favorita!', 47, 17, NOW(), NOW()),
('Boa viagem!', 48, 18, NOW(), NOW()),
('Profundo.', 49, 19, NOW(), NOW()),
('Vou assistir!', 50, 20, NOW(), NOW());

-- 5. Inserindo Conexões (Connections)
-- Gerando uma rede de conexões densa
INSERT INTO `connections` (`followerId`, `followingId`) VALUES
(1, 2), (1, 9), (1, 14), (1, 31), (1, 46),
(2, 1), (2, 17), (2, 32), (2, 47),
(3, 18), (3, 33), (3, 48), (3, 12),
(4, 19), (4, 34), (4, 49),
(5, 20), (5, 35), (5, 50),
(6, 21), (6, 36), (7, 22), (7, 37),
(8, 23), (8, 38), (9, 1), (9, 24), (9, 39),
(10, 7), (10, 25), (10, 40),
(11, 26), (11, 41), (12, 27), (12, 42),
(13, 28), (13, 43), (14, 1), (14, 29), (14, 44),
(15, 30), (15, 45), (16, 1), (17, 2),
(18, 3), (19, 4), (20, 5),
(21, 6), (22, 7), (23, 8), (24, 9),
(25, 10), (26, 11), (27, 12), (28, 13),
(29, 14), (30, 15), (31, 16), (32, 17),
(33, 18), (34, 19), (35, 20), (36, 21),
(37, 22), (38, 23), (39, 24), (40, 25),
(41, 26), (42, 27), (43, 28), (44, 29),
(45, 30), (46, 31), (47, 32), (48, 33),
(49, 34), (50, 35);

-- 6. Inserindo Avaliações (Ratings / Likes) - VERSÃO CORRIGIDA
INSERT INTO `ratings` (`rating_type`, `postId`, `userId`, `createdAt`, `updatedAt`) VALUES
('positive', 1, 14, NOW(), NOW()), ('positive', 1, 31, NOW(), NOW()), ('positive', 1, 46, NOW(), NOW()),
('positive', 2, 1, NOW(), NOW()), ('positive', 2, 17, NOW(), NOW()), ('positive', 2, 32, NOW(), NOW()), ('positive', 2, 47, NOW(), NOW()),
('positive', 3, 18, NOW(), NOW()), ('positive', 3, 33, NOW(), NOW()), ('positive', 3, 48, NOW(), NOW()),
('positive', 4, 19, NOW(), NOW()), ('positive', 4, 34, NOW(), NOW()),
('positive', 5, 20, NOW(), NOW()), ('positive', 5, 35, NOW(), NOW()), ('positive', 5, 50, NOW(), NOW()),
('positive', 8, 23, NOW(), NOW()), ('positive', 8, 38, NOW(), NOW()),
('positive', 9, 1, NOW(), NOW()), ('positive', 9, 24, NOW(), NOW()), ('positive', 9, 39, NOW(), NOW()),
('positive', 10, 7, NOW(), NOW()), ('positive', 10, 25, NOW(), NOW()),
('positive', 11, 26, NOW(), NOW()), ('positive', 11, 41, NOW(), NOW()),
('positive', 12, 27, NOW(), NOW()), ('positive', 12, 42, NOW(), NOW()),
('positive', 14, 1, NOW(), NOW()), ('positive', 14, 29, NOW(), NOW()),
('positive', 15, 30, NOW(), NOW()), ('positive', 15, 45, NOW(), NOW()),
('positive', 20, 5, NOW(), NOW()), ('positive', 20, 35, NOW(), NOW()),
('positive', 21, 6, NOW(), NOW()), ('positive', 21, 36, NOW(), NOW()),
('positive', 23, 8, NOW(), NOW()), ('positive', 23, 38, NOW(), NOW()),
('positive', 26, 11, NOW(), NOW()), ('positive', 26, 41, NOW(), NOW()),
('positive', 31, 1, NOW(), NOW()), ('positive', 31, 14, NOW(), NOW()), ('positive', 31, 16, NOW(), NOW()), ('positive', 31, 46, NOW(), NOW()),
('positive', 32, 2, NOW(), NOW()), ('positive', 32, 17, NOW(), NOW()),
('positive', 37, 7, NOW(), NOW()), ('positive', 37, 22, NOW(), NOW()),
('positive', 40, 10, NOW(), NOW()), ('positive', 40, 25, NOW(), NOW()),
('positive', 42, 12, NOW(), NOW()), ('positive', 42, 27, NOW(), NOW()),
('positive', 47, 2, NOW(), NOW()), ('positive', 47, 17, NOW(), NOW()), ('positive', 47, 32, NOW(), NOW());